planner,scenario,route_ratio,ego_progress_m,collision_free,vehicle_collisions,vru_collisions,drivable,direction,comfortable,making_progress,speed_compliance,ttc_bound,score,simulation_s,inference_mean_ms,inference_median_ms,wall_runtime_s
SafeFlow,Straight,0.670909,82.171645,True,0,0,1.000000,1.000000,False,True,0.484039,1.000000,0.643169,14.799733,94.324020,127.441696,16.093819
SafeFlow,Curve,0.776999,80.474398,True,0,0,1.000000,1.000000,True,True,0.929655,1.000000,0.912726,10.800149,194.344750,179.892218,23.697868
SafeFlow,Multi-vehicle,0.840726,102.970554,True,0,0,1.000000,1.000000,False,True,0.913836,1.000000,0.803686,14.799733,183.002321,136.281267,30.282888
SafeFlow,Pedestrian,0.176691,7.870805,True,0,0,1.000000,1.000000,True,False,1.000000,1.000000,0.000000,11.799975,174.395287,169.186171,21.692896
ReFlow,Straight,0.650846,79.714388,False,1,0,1.000000,1.000000,False,True,0.484039,0.000000,0.000000,14.799733,42.896627,46.293341,9.242014
ReFlow,Curve,0.258900,26.814516,True,0,0,0.000000,0.000000,False,True,0.000000,0.000000,0.000000,10.800149,54.350805,54.952100,7.527706
ReFlow,Multi-vehicle,1.000000,139.882950,True,0,0,1.000000,1.000000,False,True,0.512243,1.000000,0.753061,14.799733,47.665964,43.654898,8.859251
ReFlow,Pedestrian,0.147663,6.577719,True,0,0,1.000000,1.000000,True,False,1.000000,1.000000,0.000000,11.799975,73.068552,71.931316,9.658878
Flow-Planner,Straight,0.673307,96.345541,True,0,0,1.000000,1.000000,True,True,1.000000,1.000000,0.897908,14.799353,282.495054,238.869436,44.874361
Flow-Planner,Curve,0.403890,59.905119,True,0,0,1.000000,1.000000,False,True,0.962168,1.000000,0.679258,14.700090,258.240103,226.936314,40.148509
Flow-Planner,Multi-vehicle,0.499668,61.198428,True,0,0,1.000000,1.000000,True,True,0.746922,1.000000,0.780377,14.799733,258.026400,212.868902,40.389601
Flow-Planner,Pedestrian,0.547948,24.408588,True,0,0,1.000000,1.000000,True,True,1.000000,1.000000,0.858734,11.799975,213.601686,202.212812,26.528097
PDM,Straight,1.000000,155.819471,True,0,0,1.000000,1.000000,True,True,1.000000,1.000000,1.000000,14.799353,93.596667,91.553969,16.830744
PDM,Curve,0.760135,113.602494,True,0,0,1.000000,1.000000,False,True,0.967369,1.000000,0.791885,14.800151,90.776619,89.710941,15.866073
PDM,Multi-vehicle,0.612017,74.958691,True,0,0,1.000000,1.000000,False,True,0.906928,1.000000,0.730487,14.799733,102.123300,101.796278,18.064514
PDM,Pedestrian,1.000000,59.089931,True,0,0,1.000000,1.000000,True,True,1.000000,1.000000,1.000000,11.799975,90.543450,86.918197,14.302817
MPC-CBF,Straight,0.798635,114.279162,True,0,0,1.000000,1.000000,True,True,1.000000,0.000000,0.624574,14.799353,505.497602,492.872777,77.160647
MPC-CBF,Curve,1.000000,158.344509,True,0,0,1.000000,1.000000,True,True,0.869883,1.000000,0.967471,14.800151,663.546844,660.346355,100.460908
MPC-CBF,Multi-vehicle,0.859066,105.216795,True,0,0,1.000000,1.000000,True,True,0.643348,1.000000,0.866795,14.799733,621.266995,619.035515,95.656766
MPC-CBF,Pedestrian,1.000000,59.089931,True,0,0,1.000000,1.000000,True,True,1.000000,0.000000,0.687500,14.799930,385.737485,372.562955,59.284135
